,titre,jour_publication,auteur
0,Amtrak menacé par les eaux,Publié le 31 déc. 2018 à 1:01,Jacques Hubert-Rodier
1,Scrutin historique en République démocratique du Congo,Publié le 31 déc. 2018 à 1:01,Yves Bourdillon
2,Le CAC 40 termine sur une note positive,Publié le 31 déc. 2018 à 1:01,Isabelle Couet
3,Quelles compétences développer dans une économie moderne ?,Publié le 31 déc. 2018 à 1:01,
4,Les événements de l'année 2018,Mis à jour le 6 août 2019 à 0:00,Eleonore de Bailliencourt
5,"L'euro, notre bien le plus précieux",Mis à jour le 6 août 2019 à 0:00,Daniel Fortin
6,Sortir de la crise ? Quelques propositions simples,Mis à jour le 6 août 2019 à 0:00,Pierre Mehaignerie
7,Pour une justice partagée,Mis à jour le 6 août 2019 à 0:00,Jerome Giusti
8,Dépasser notre vision colbertiste du sport,Mis à jour le 6 août 2019 à 0:00,Alain Loret
9,« Casse-Noisette » de fête au Théâtre des Champs-Elysées,Mis à jour le 6 août 2019 à 0:00,Philippe Noisette
10,La Fondation HCB emménage avec Martine Franck,Mis à jour le 6 août 2019 à 0:00,
11,Un banquier français à la tête du géant russe de l'aluminium,Mis à jour le 6 août 2019 à 0:00,Isabelle Couet
12,Mario Draghi,Mis à jour le 6 août 2019 à 0:00,Guillaume Maujean
13,Visite surprise de Donald Trump en Irak,Publié le 28 déc. 2018 à 1:01,Virginie Robert
14,Takeda fait sa révolution,Publié le 28 déc. 2018 à 1:01,Catherine Ducruet
15,Sanofi s'affirme comme le numéro un des donations,Publié le 28 déc. 2018 à 1:01,Catherine Ducruet
16,La plus grande barge de France va être réparée à Dunkerque,Publié le 28 déc. 2018 à 1:01,Nicole Buyse
17,La Bourse de Paris clôture une nouvelle fois en baisse,Publié le 28 déc. 2018 à 1:01,Laurence Boisseau
18,Le moteur cassé du commerce mondial,Mis à jour le 6 août 2019 à 0:00,Jean-Marc Vittori
19,Accès des PME à la commande publique : il reste beaucoup à faire,Mis à jour le 6 août 2019 à 0:00,Jean-Marc Peyrical
20,L'inquiétude des investisseurs sur les marchés est exagérée,Mis à jour le 6 août 2019 à 0:00,Laurence Daziano
21,Evitons une levée des « gilets jaunes » du commerce,Mis à jour le 6 août 2019 à 0:00,Andre Tordjman
22,"Le saumon, icône de mondialisation",Mis à jour le 6 août 2019 à 0:00,François Lévêque
23,Michel Houellebecq,Mis à jour le 6 août 2019 à 0:00,Pierre de Gasquet
24,"Un séisme frappe l'Etna, en éruption",Publié le 27 déc. 2018 à 1:01,Virginie Robert
25,Shell veut doubler ses investissements dans les énergies vertes,Publié le 27 déc. 2018 à 1:01,Raphaël Bloch
26,Quelques règles d'or pour la croissance,Publié le 27 déc. 2018 à 1:01,
27,"Le bitcoin est mort, vive le bitcoin",Mis à jour le 6 août 2019 à 0:00,Guillaume Maujean
28,Trump ou la rage d'un pouvoir déclinant,Mis à jour le 6 août 2019 à 0:00,
29,"Le stockage d'énergie, enjeu majeur de la transition énergétique",Mis à jour le 6 août 2019 à 0:00,
30,"L'assurance-construction, talon d'Achille de l'immobilier",Mis à jour le 6 août 2019 à 0:00,Alexandra Francois-Cuxac
31,« Sérotonine » : le voyage au bout de l'ennui de Houellebecq,Mis à jour le 6 août 2019 à 0:00,Pierre de Gasquet
32,« Azor » : opérette version sixties survoltées à l'Athénée,Mis à jour le 6 août 2019 à 0:00,Philippe Venturini
33,Cécile Duflot,Mis à jour le 6 août 2019 à 0:00,Arnaud Le Gal
34,Un message consacré « à la fraternité » entre les peuples,Publié le 26 déc. 2018 à 1:01,Virginie Robert
35,La Bourse de Paris déprimée avant les fêtes de Noël,Publié le 26 déc. 2018 à 1:01,Laurence Boisseau
36,Frankenstein à Wall Street,Mis à jour le 6 août 2019 à 0:00,Guillaume Maujean
37,Quelle gouvernance pour le monde qui vient ?,Mis à jour le 6 août 2019 à 0:00,Pascal Picq
38,Restaurer l'unité nationale est une priorité,Mis à jour le 6 août 2019 à 0:00,Roland Gilles
39,Miser sur les entreprises françaises pour numériser l'Etat,Mis à jour le 6 août 2019 à 0:00,Nathalie Dupuis-Hepner
40,"Louis Garrel, « L'Homme fidèle » à lui-même",Mis à jour le 6 août 2019 à 0:00,Olivier De Bruyn
41,« Monsieur » : rapport de classes,Mis à jour le 6 août 2019 à 0:00,Olivier De Bruyn
42,"Tim Sweeney, le patron qui ose se mesurer aux Gafa",Mis à jour le 6 août 2019 à 0:00,Florian Dèbes
43,Stéphane Boujnah,Mis à jour le 6 août 2019 à 0:00,Arnaud Le Gal
44,L'indexation des prestations sociales rétablie pour 2020,Publié le 24 déc. 2018 à 1:01,Stéphane Dupont
45,60 % des Français font confiance au système bancaire,Publié le 24 déc. 2018 à 1:01,Marie-Christine Sonkin
46,La Bourse de Paris chute de plus de 3 % sur la semaine,Publié le 24 déc. 2018 à 1:01,Laurence Boisseau
47,Pénible stock,Publié le 24 déc. 2018 à 1:01,
48,Comment parler philosophie et management ?,Publié le 24 déc. 2018 à 1:01,
49,L'épargne française en garde à vue,Mis à jour le 6 août 2019 à 0:00,Jean-Marc Vittori
50,Droit d'asile : en finir avec Dublin,Mis à jour le 6 août 2019 à 0:00,Thierry Pech
51,Renoncer au mythe du président providentiel,Mis à jour le 6 août 2019 à 0:00,Michel Aubouin
52,Les ports français face au défi du Brexit,Mis à jour le 6 août 2019 à 0:00,Franck Brault
53,Campana : le Pantagruel de la collection revit au Louvre,Mis à jour le 6 août 2019 à 0:00,
54,"Alexis Gruss, la piste en famille",Mis à jour le 6 août 2019 à 0:00,Philippe Noisette
55,James Mattis,Mis à jour le 6 août 2019 à 0:00,Henri Gibier
56,Le « Spiegel » dans la tourmente,Publié le 21 déc. 2018 à 1:01,Pauline Houédé
57,Londres : des drones sèment la pagaille à l'aéroport de Gatwick,Publié le 21 déc. 2018 à 1:01,Bruno Trévidic
58,Airbus trébuche en Bourse après des informations sur une enquête américaine,Publié le 21 déc. 2018 à 1:01,Anne Bauer
59,Dernière ligne droite pour le service de messagerie de Qwant,Publié le 21 déc. 2018 à 1:01,Guillaume Bregeras
60,"Tonsser, le réseau social du foot, passe en mode pro",Publié le 21 déc. 2018 à 1:01,Guillaume Bregeras
61,Blackink veut faciliter l'accès à l'information,Publié le 21 déc. 2018 à 1:01,Déborah Loye
62,Cession à La Banque Postale,Publié le 21 déc. 2018 à 1:01,
63,La Bourse de Paris au plus bas depuis deux ans,Publié le 21 déc. 2018 à 1:01,Pierrick Fay
64,Défiscalisation : faut-il investir dans les FCPI et les FIP en 2018 ?,Publié le 21 déc. 2018 à 1:01,Anne-Sophie Vion
65,L'OUEST très dynamique,Publié le 21 déc. 2018 à 1:01,Anne-Sophie Vion
66,Objets d'art : revente mode d'emploi,Publié le 21 déc. 2018 à 1:01,Hélène Dupuy
67,Quelle fiscalité ?,Publié le 21 déc. 2018 à 1:01,Hélène Dupuy
68,"Andy Warhol : mode, polémiques et millions de dollars",Publié le 21 déc. 2018 à 1:01,Judith Benhamou
69,Malt : Axéréal s'offre les activités de Cargill,Publié le 21 déc. 2018 à 1:01,Marie-Josée Cougard
70,L'air du temps,Mis à jour le 6 août 2019 à 0:00,Henri Gibier
71,L'agenda en France,Publié le 21 déc. 2018 à 1:01,Ludovic Bischoff
72,Salle d'attente,Publié le 21 déc. 2018 à 1:01,Philippe Besson
73,L'agenda à Paris,Publié le 21 déc. 2018 à 1:01,Alice d'Orgeval
74,L'agenda ailleurs,Publié le 21 déc. 2018 à 1:01,Alice d'Orgeval
75,La playlist de l'actu,Publié le 21 déc. 2018 à 1:01,
76,Jeanne Added,Mis à jour le 6 août 2019 à 0:00,Isabelle Lesniak
77,5 dates dans l'histoire du sapin de Noël,Publié le 21 déc. 2018 à 1:01,Isabelle Lesniak
78,"Robert Habeck, le nouveau héros des Verts allemands",Mis à jour le 6 août 2019 à 0:00,Ninon Renaud
79,"La Pléiade, en attendant Gary",Publié le 21 déc. 2018 à 1:01,Pierre de Gasquet
80,Beaux livres en fêtes,Publié le 21 déc. 2018 à 1:01,
81,Hollywood à Marrakech,Mis à jour le 6 août 2019 à 0:00,Cecilia Delporte
82,Noël de Legend,Mis à jour le 6 août 2019 à 0:00,Philippe Chevilley
83,"Anne Perry, la mère polar de Noël",Mis à jour le 6 août 2019 à 0:00,Laurance N'Kaoua
84,"René Tardi, dernier acte",Mis à jour le 6 août 2019 à 0:00,David Barroux
85,Salles obscures,Publié le 21 déc. 2018 à 1:01,Thierry Gandillot
86,Et la mode devint morale,Publié le 21 déc. 2018 à 1:01,Loïc Prigent
87,L'année de toutes les diversités,Publié le 21 déc. 2018 à 1:01,Loïc Prigent
88,Le grand mercato,Publié le 21 déc. 2018 à 1:01,Loïc Prigent
89,Des collabs comme s'il en pleuvait,Publié le 21 déc. 2018 à 1:01,Loïc Prigent
90,"Hedi, Virgil et Kim: les capteurs du temps",Publié le 21 déc. 2018 à 1:01,Loïc Prigent
91,Toujours plus show,Publié le 21 déc. 2018 à 1:01,Loïc Prigent
92,12 «fashion moments» qui ont fait bouger les lignes,Publié le 21 déc. 2018 à 1:01,
93,Et vive la France!,Publié le 21 déc. 2018 à 1:01,Loïc Prigent
94,Le make-up est-il l'avenir de l'homme?,Publié le 21 déc. 2018 à 1:01,Johanne Courbatère de Gaudric
95,La théorie de l'évolution,Publié le 21 déc. 2018 à 1:01,Johanne Courbatère de Gaudric
96,Tenue de soirée,Publié le 21 déc. 2018 à 1:01,Frank DECLERCK
97,Écoutez le silenzzzzzzzzzz,Publié le 21 déc. 2018 à 1:01,Raphaël Sachetat
98,"Le Beslay, affaire à suivre",Mis à jour le 6 août 2019 à 0:00,Laurent Guez
99,La rédaction des «Échos» a testé,Mis à jour le 6 août 2019 à 0:00,
100,L'ascension de Lastours,Publié le 21 déc. 2018 à 1:01,Jean-Francis Pécresse
101,Le grain de sel de Yasushi Hayashi,Publié le 21 déc. 2018 à 1:01,Jerome Berger
102,"Le repaire Le «Royal Champagne», à Épernay, au coeur des vignes",Publié le 21 déc. 2018 à 1:01,Mireille Gignoux
103,Small is beautiful,Publié le 21 déc. 2018 à 1:01,Cédric Fréour
104,Les habits neufs du repas de Noël,Publié le 21 déc. 2018 à 1:01,Jessica Berthereau
105,Délices d'initiés,Publié le 21 déc. 2018 à 1:01,Jean-Denis Errard
106,Conspirations,Publié le 21 déc. 2018 à 1:01,Marc Dugain
107,La prime sans la réforme,Mis à jour le 6 août 2019 à 0:00,Étienne Lefebvre
108,Nouvelle donne en Syrie,Mis à jour le 6 août 2019 à 0:00,Jacques Hubert-Rodier
109,Ce mal qui touche les anciennes stars high-tech de Noël,Mis à jour le 6 août 2019 à 0:00,Nicolas Richaud
110,Un déficit en trompe-l'oeil,Mis à jour le 6 août 2019 à 0:00,
111,Joyeux Noël légionnaire !,Mis à jour le 6 août 2019 à 0:00,Julien Damon
112,Le retour aux sources du macronisme,Mis à jour le 6 août 2019 à 0:00,Jacky Bontems
113,"L'ouverture en soirée, une priorité pour le commerce",Mis à jour le 6 août 2019 à 0:00,Christian Pimont
114,Aux sources du populisme,Mis à jour le 6 août 2019 à 0:00,Daniel Fortin
115,"Harari, saison 3",Mis à jour le 6 août 2019 à 0:00,Daniel Fortin
116,Retour sur quarante ans d'islamisme,Mis à jour le 6 août 2019 à 0:00,Daniel Fortin
117,Le testament de Stephen Hawking,Mis à jour le 6 août 2019 à 0:00,Daniel Fortin
118,"Algorithmes, attention danger !",Mis à jour le 6 août 2019 à 0:00,Daniel Fortin
119,Quand le travail devient absurde,Mis à jour le 6 août 2019 à 0:00,Daniel Fortin
120,Quelle société face au numérique ?,Mis à jour le 6 août 2019 à 0:00,Daniel Fortin
121,Les dérives de la mondialisation,Mis à jour le 6 août 2019 à 0:00,Daniel Fortin
122,Dix vérités économiques,Mis à jour le 6 août 2019 à 0:00,Daniel Fortin
123,La rançon de la transition énergétique,Mis à jour le 6 août 2019 à 0:00,Daniel Fortin
124,Tikaway téléporte les experts sur le terrain avec ses lunettes connectées,Mis à jour le 6 août 2019 à 0:00,Lea Delpont
125,I-Wantit lève 1 million pour son application des cadeaux utiles,Mis à jour le 6 août 2019 à 0:00,Paul Molga
126,Les marchés s'enfoncent un peu plus dans le rouge,Mis à jour le 6 août 2019 à 0:00,Pierrick Fay
127,"Marc Van Peteghem, architecte écolo",Mis à jour le 6 août 2019 à 0:00,Stanislas du Guerny
128,Chantal Jouanno,Mis à jour le 6 août 2019 à 0:00,Sabine Delanglade
129,Le leader mondial de l'aspirine change de nom et devient Seqens,Publié le 20 déc. 2018 à 1:01,Enrique Moreira
130,Takis Candilis : « France.tv sera notre principal canal de diffusion »,Publié le 20 déc. 2018 à 1:01,Marina Alcaraz
131,Dataiku pourrait être la prochaine licorne française,Publié le 20 déc. 2018 à 1:01,Déborah Loye
132,Salesforce s'invite au capital d'Akeneo,Publié le 20 déc. 2018 à 1:01,Emmanuel Guimard
133,La Bourse de Paris rebondit timidement avant la Fed,Publié le 20 déc. 2018 à 1:01,Laurence Boisseau
134,GE pourrait faire coter sa division santé,Publié le 20 déc. 2018 à 1:01,Laurence Boisseau
135,Andreessen vs. Zuckerberg : inflation de titres ou choix de la mesure ?,Publié le 20 déc. 2018 à 1:01,
136,Punir Facebook ?,Mis à jour le 6 août 2019 à 0:00,David Barroux
137,Gueule de bois budgétaire,Mis à jour le 6 août 2019 à 0:00,Étienne Lefebvre
138,Comment les grandes puissances se disputent l'Afrique,Mis à jour le 6 août 2019 à 0:00,Jacques Hubert-Rodier
139,Transformer le Cese en « conseil citoyen »,Mis à jour le 6 août 2019 à 0:00,
140,Vingt ans d'histoire de l'art en France,Mis à jour le 6 août 2019 à 0:00,Martine Robert
141,Les limites du référendum d'initiative citoyenne,Mis à jour le 6 août 2019 à 0:00,Gilles Toulemonde
142,La jaunisse du modèle social français,Mis à jour le 6 août 2019 à 0:00,Jacques Delpla
143,Un « Hamlet » de rêve à l'Opéra-Comique,Mis à jour le 6 août 2019 à 0:00,Philippe Venturini
144,« Trois étages » : du côté de chez Freud,Mis à jour le 6 août 2019 à 0:00,Frédérique Humblot
145,"Renault, quatre semaines en enfer",Mis à jour le 6 août 2019 à 0:00,Anne Feitz
146,Oxana Monge veille à la santé de Sanofi à Moscou,Mis à jour le 6 août 2019 à 0:00,Benjamin Quenelle
147,Sheryl Sandberg,Mis à jour le 6 août 2019 à 0:00,Sabine Delanglade
148,Espionnage : Huawei allume les contre-feux,Publié le 19 déc. 2018 à 1:01,Raphaël Balenieri
149,Investissements dans la recherche : l'écart se creuse entre l'Europe et les Etats-Unis,Publié le 19 déc. 2018 à 1:01,Catherine Chatignoux
150,"L'apogée est passé, jugent les exportateurs allemands",Publié le 19 déc. 2018 à 1:01,Ninon Renaud
151,"Cesare Battisti, « terroriste fétiche »",Publié le 19 déc. 2018 à 1:01,Thierry Ogier
152,"Incendie dans Manaus, la capitale de l'Amazonie",Publié le 19 déc. 2018 à 1:01,Yves Bourdillon
153,"SunPower, la filiale de Total, contrainte de changer de stratégie",Publié le 19 déc. 2018 à 1:01,Vincent Collen
154,Charles Beigbeder investit dans les technologies quantiques,Publié le 19 déc. 2018 à 1:01,Anne Drif
155,"PixelMe, la plate-forme marketing pour les PME",Publié le 19 déc. 2018 à 1:01,Guillaume Bregeras
156,La menace d'une récession se fait plus pressante,Publié le 19 déc. 2018 à 1:01,Pierrick Fay
157,Des risques politiques et géopolitiques toujours présents,Publié le 19 déc. 2018 à 1:01,Pierrick Fay
158,Des bénéfices moins bien orientés,Publié le 19 déc. 2018 à 1:01,Pierrick Fay
159,Bien gérer la sortie des banques centrales,Publié le 19 déc. 2018 à 1:01,Pierrick Fay
160,La Bourse de Paris décline vers les 4.700 points,Publié le 19 déc. 2018 à 1:01,Muryel Jacque
161,La seconde vie des gravats de l'ex-école Centrale,Publié le 19 déc. 2018 à 1:01,Marion Kindermans
162,PARIS La Villette se met à la réalité virtuelle,Publié le 19 déc. 2018 à 1:01,Lamia Barbot
163,La SNCF poursuit la reconversion de ses halles ferroviaires,Publié le 19 déc. 2018 à 1:01,Laurence Albert
164,Le Val-de-Marne encourage les actions en faveur du climat,Publié le 19 déc. 2018 à 1:01,Lamia Barbot
165,Vallée de Chevreuse : la monnaie La Racine entre en circulation,Publié le 19 déc. 2018 à 1:01,
166,L'eau adoucie arrive dans le sud de l'Essonne,Publié le 19 déc. 2018 à 1:01,Lamia Barbot
167,L'industrie de Cergy-Pontoise reçoit le soutien de l'Etat,Publié le 19 déc. 2018 à 1:01,Florence Renard-Gourdon
168,Lyon terre de prédilection des navettes autonomes,Publié le 19 déc. 2018 à 1:01,Vincent Charbonnier
169,LYON La Métropole lance son cadastre solaire,Publié le 19 déc. 2018 à 1:01,Lea Delpont
170,"EasyJet, première compagnie aérienne à Lyon",Publié le 19 déc. 2018 à 1:01,Lamia Barbot
171,Xi Jinping réaffirme le rôle central du Parti communiste,Mis à jour le 6 août 2019 à 0:00,Frédéric Schaeffer
172,Comment le pays a opéré sa mue,Mis à jour le 6 août 2019 à 0:00,Michel De Grandi
173,"Aux Etats-Unis, le pétrole de schiste à l'heure des doutes",Mis à jour le 6 août 2019 à 0:00,Elsa Conesa
174,Une vraie rupture pour les marchés,Mis à jour le 6 août 2019 à 0:00,Guillaume Maujean
175,Pouvoir de non-achat,Mis à jour le 6 août 2019 à 0:00,Jean-Marc Vittori
176,L'intelligence artificielle est-elle intelligente ?,Mis à jour le 6 août 2019 à 0:00,
177,Le scrapbook du duo de Nature & Découvertes,Mis à jour le 6 août 2019 à 0:00,Valérie Leboucq
178,Pour une politique industrielle européenne ambitieuse,Mis à jour le 6 août 2019 à 0:00,Dieter Kempf
179,Pourquoi la révolte sociale peut durer,Mis à jour le 6 août 2019 à 0:00,Hippolyte d'Albis
180,L'hiver de Vidocq,Mis à jour le 6 août 2019 à 0:00,Adrien Gombeaud
181,Gratuit et incontrôlable,Mis à jour le 6 août 2019 à 0:00,Thierry Gandillot
182,Le Retour de Mary Poppins,Mis à jour le 6 août 2019 à 0:00,Thierry Gandillot
183,Cartesiam lève 2 millions pour le « Shazam des équipements industriels »,Mis à jour le 6 août 2019 à 0:00,Paul Molga
184,Medylink acquiert Medway pour intégrer la téléconsultation,Mis à jour le 6 août 2019 à 0:00,Laurent Marcaillou
185,Des marchés entre prudence et quête de protection pour 2019,Mis à jour le 6 août 2019 à 0:00,Pierrick Fay
186,"France Burgy, pour former les fonctionnaires",Mis à jour le 6 août 2019 à 0:00,Claire Garnier
187,José Mourinho,Mis à jour le 6 août 2019 à 0:00,Sabine Delanglade
188,Les retraités vont devoir attendre six mois pour bénéficier de la baisse de la CSG,Publié le 18 déc. 2018 à 1:01,Solveig Godeluck
189,La plus grande patinoire de France revient au Grand Palais,Publié le 18 déc. 2018 à 1:01,Martine Robert
190,"A Paris, l'immobilier de luxe marque des points",Publié le 18 déc. 2018 à 1:01,Anne-Sophie Vion
191,Une prime exceptionnelle pour quelque 100.000 cheminots,Publié le 18 déc. 2018 à 1:01,Lionel Steinmann
192,Ogury rachète Influans pour doper son offre de marketing transversale,Publié le 18 déc. 2018 à 1:01,Guillaume Bregeras
193,"Redison, la pépite pour musiciens du Louvre-Lens Vallée",Publié le 18 déc. 2018 à 1:01,Nicole Buyse
194,Protomotech protège les oeuvres grâce à ses capteurs intelligents,Publié le 18 déc. 2018 à 1:01,Nicole Buyse
195,La Bourse de Paris s'enfonce sous les 4.800 points,Publié le 18 déc. 2018 à 1:01,Muryel Jacque
196,Fin d'année animée sur le marché du Sukuk,Publié le 18 déc. 2018 à 1:01,Guillaume Benoit
197,"« TANT QU'IL Y A DE LA TRESORERIE, IL FAUT S'ACCROCHER »",Publié le 18 déc. 2018 à 1:01,Laetitia Lienhard
198,Salariés aidants : les actions des entreprises pour soulager,Publié le 18 déc. 2018 à 1:01,
199,"La prime d'activité, ou l'impôt négatif",Mis à jour le 6 août 2019 à 0:00,Étienne Lefebvre
200,Démocratiser la démocratie,Mis à jour le 6 août 2019 à 0:00,Jean-Francis Pécresse
201,Theresa May ou la stratégie de la boîte de conserve,Mis à jour le 6 août 2019 à 0:00,Alexandre Counis
202,La retraite en travaillant,Mis à jour le 6 août 2019 à 0:00,
203,L'entreprise réinventée par Elon Musk,Mis à jour le 6 août 2019 à 0:00,Anne Feitz
204,Pourquoi il faut libérer Carlos Ghosn,Mis à jour le 6 août 2019 à 0:00,Philippe Ries
205,"L'économie sociale et solidaire, un formidable levier d'action",Mis à jour le 6 août 2019 à 0:00,Christophe Itier
206,Soleil d'hiver à Vancouver,Mis à jour le 6 août 2019 à 0:00,Philippe Chevilley
207,Fantastique « Rodelinda » à l'Opéra de Lyon,Mis à jour le 6 août 2019 à 0:00,Philippe Venturini
208,Les codeurs programment-ils leur fin ?,Mis à jour le 6 août 2019 à 0:00,Remy Demichelis
209,Champagne : vers la fin des bouteilles premier prix ?,Mis à jour le 6 août 2019 à 0:00,Guillaume Roussange
210,"Mariya Gabriel, femme d'influence",Mis à jour le 6 août 2019 à 0:00,Derek Perrotte
211,Xi Jinping,Mis à jour le 6 août 2019 à 0:00,Sabine Delanglade
212,L'anglais de rigueur dans un tribunal néerlandais,Publié le 17 déc. 2018 à 1:01,Didier Burg
213,"Les poulets d'élevage, symbole de l'anthropocène ?",Publié le 17 déc. 2018 à 1:01,Yann Verdo
214,Les Bleues du handball championnes d'Europe,Publié le 17 déc. 2018 à 1:01,Florian Dèbes
215,"L'hôtellerie de luxe, un secteur en croissance et en consolidation",Publié le 17 déc. 2018 à 1:01,Christophe Palierse
216,Brittany Ferries met à l'eau son premier ferry propulsé au GNL,Publié le 17 déc. 2018 à 1:01,Stanislas du Guerny
217,Intelligence artificielle : quand les Français draguent les Américains,Publié le 17 déc. 2018 à 1:01,Nicolas Rauline
218,"Pays-Bas, le pays où les fonds ignorent les startuppeuses",Publié le 17 déc. 2018 à 1:01,Didier Burg
219,"TokenData, le français qui se rêve en « Bloomberg de la crypto »",Publié le 17 déc. 2018 à 1:01,Raphaël Bloch
220,Fin de semaine difficile pour la Bourse de Paris,Publié le 17 déc. 2018 à 1:01,Guillaume Benoit
221,Business positif : place aux actes !,Publié le 17 déc. 2018 à 1:01,
222,Les 5 idées à retenir du... « Management juste »,Publié le 17 déc. 2018 à 1:01,
223,Le rôle pivot de l'entreprise,Publié le 17 déc. 2018 à 1:01,Muriel Jasor
224,Auto-partage : la RSE dans l'ADN de Citiz,Publié le 17 déc. 2018 à 1:01,
225,"Emeric Lepoutre : « Outil de transformation, la RSE bénéficie à tous »",Publié le 17 déc. 2018 à 1:01,Muriel Jasor
226,Raison d'être,Publié le 17 déc. 2018 à 1:01,Eric Albert
227,S'acclimater au changement,Mis à jour le 6 août 2019 à 0:00,Jean-Francis Pécresse
228,Simple et pas cher,Mis à jour le 6 août 2019 à 0:00,David Barroux
229,L'indépendance contestée des banques centrales,Mis à jour le 6 août 2019 à 0:00,Guillaume Benoit
230,Trois pistes pour sauver l'enseignement supérieur,Mis à jour le 6 août 2019 à 0:00,
231,Comment le Moyen Age a façonné le monde,Mis à jour le 6 août 2019 à 0:00,Nessim Aït-Kacimi
232,Sortir le mécénat d'entreprise de l'inconstance fiscale,Mis à jour le 6 août 2019 à 0:00,Stephane Couchoux
233,La trajectoire carbone : une taxation nécessaire et vertueuse,Mis à jour le 6 août 2019 à 0:00,Pascal Roger
234,Festival Impatience : une « Place » de choix,Mis à jour le 6 août 2019 à 0:00,Philippe Chevilley
235,Le CHU d'Amiens lance une étude inédite sur le cancer du foie,Mis à jour le 6 août 2019 à 0:00,Guillaume Roussange
236,Sterblue automatise le vol des drones d'inspection,Mis à jour le 6 août 2019 à 0:00,Emmanuel Guimard
237,"Dominique de la Garanderie, cinquante ans au service des avocats",Mis à jour le 6 août 2019 à 0:00,Delphine Iweins
238,James Hackett,Mis à jour le 6 août 2019 à 0:00,Henri Gibier
239,L'avortement divise la coalition allemande,Publié le 14 déc. 2018 à 1:01,Ninon Renaud
240,L'avion spatial de Virgin Galactic réussit son vol d'essai,Publié le 14 déc. 2018 à 1:01,Michel De Grandi
241,Le flamboyant baroud d'honneur de Nancy Pelosi,Publié le 14 déc. 2018 à 1:01,Nicolas Rauline
242,Deux sujets chauds : la distribution et la consolidation du secteur,Publié le 14 déc. 2018 à 1:01,Antoine Boudet
243,La rentrée littéraire sur le gril,Publié le 14 déc. 2018 à 1:01,Véronique Richebois
244,Les « gilets jaunes » fragilisent les ventes des libraires,Publié le 14 déc. 2018 à 1:01,Véronique Richebois
245,La start-up Dott se rêve en leader européen des mobilités partagées,Publié le 14 déc. 2018 à 1:01,Adrien Lelièvre
246,La French Tech repositionne son déploiement en France et dans le monde,Publié le 14 déc. 2018 à 1:01,Déborah Loye
247,"Kat Borlongan : « Quand une entreprise recrute, c'est aussi son pays qui recrute »",Publié le 14 déc. 2018 à 1:01,Déborah Loye
248,La Bourse de Paris déçue par les prévisions de la BCE,Publié le 14 déc. 2018 à 1:01,Laurence Boisseau
249,Natixis IM regroupe trois affiliés spécialisés en « private equity »,Publié le 14 déc. 2018 à 1:01,Sophie Rolland
250,Les pièges du prélèvement à la source,Publié le 14 déc. 2018 à 1:01,Marie-Christine Sonkin
251,Dynamique immobilière,Publié le 14 déc. 2018 à 1:01,Marie-Christine Sonkin
252,Les solutions pour donner sans payer d'impôts,Publié le 14 déc. 2018 à 1:01,
253,Dons aux enfants et petits-enfants : profitez des abattements et exonérations,Publié le 14 déc. 2018 à 1:01,Nathalie Cheysson-Kaplan
254,Enchères : moins de 3.000 euros pour des oeuvres séduisantes,Publié le 14 déc. 2018 à 1:01,Judith Benhamou
255,Succession à succès,Mis à jour le 6 août 2019 à 0:00,Henri Gibier
256,L'agenda en France,Publié le 14 déc. 2018 à 1:01,Ludovic Bischoff
257,L'agenda à Paris,Publié le 14 déc. 2018 à 1:01,Alice d'Orgeval
258,Salle d'attente,Publié le 14 déc. 2018 à 1:01,Philippe Besson
259,L'agenda ailleurs,Publié le 14 déc. 2018 à 1:01,Alice d'Orgeval
260,La playlist de l'actu,Publié le 14 déc. 2018 à 1:01,
261,Victor Lugger et Tigrane Seydoux,Mis à jour le 6 août 2019 à 0:00,Mariana Reali
262,Patrick Pouyanné patron XXL,Mis à jour le 6 août 2019 à 0:00,Pascal Pogam
263,7 opérations sauvetage des forêts,Publié le 14 déc. 2018 à 1:01,Stefano Lupieri
264,Profession restaurateur,Publié le 14 déc. 2018 à 1:01,Isabelle Lesniak
265,"Klaxoon, la réunion dans la joie",Publié le 14 déc. 2018 à 1:01,Isabelle Lesniak
266,Offenbach for ever,Mis à jour le 6 août 2019 à 0:00,Thierry Gandillot
267,Le boss au plus près,Mis à jour le 6 août 2019 à 0:00,FRANCOIS BOURBOULON
268,Les comédies musicales en habits de lumière,Mis à jour le 6 août 2019 à 0:00,
269,Tout sur la maison de Molière,Mis à jour le 6 août 2019 à 0:00,Philippe Chevilley
270,Salles obscures,Publié le 14 déc. 2018 à 1:01,Thierry Gandillot
271,"Richelieu, si loin, si près",Mis à jour le 6 août 2019 à 0:00,Henri Gibier
272,"Édimbourg, une promenade dans la cité des lettres",Publié le 14 déc. 2018 à 1:01,Adrien Gombeaud
273,EDIMBOURG - Dans l'enfer des erreurs financières,Publié le 14 déc. 2018 à 1:01,Adrien Gombeaud
274,Le syndrome de l'hôtel particulier,Publié le 14 déc. 2018 à 1:01,Gilles Denis
275,Nouvelle ère,Publié le 14 déc. 2018 à 1:01,Astrid Faguer
276,Le pull de Noël,Publié le 14 déc. 2018 à 1:01,Guillaume Salmon
277,Le monde au poignet,Publié le 14 déc. 2018 à 1:01,Frank DECLERCK
278,"Manko, le goût vif du Pérou",Mis à jour le 6 août 2019 à 0:00,Laurent Guez
279,La rédaction des «Échos» a testé,Mis à jour le 6 août 2019 à 0:00,
280,Top 5 Les meilleures tartes au chocolat,Publié le 14 déc. 2018 à 1:01,Jerome Berger
281,Le grain de sel de Manoj Sharma,Publié le 14 déc. 2018 à 1:01,Jerome Berger
282,", saluez!",Publié le 14 déc. 2018 à 1:01,Jean-Francis Pécresse
283,Où boire un cocktail à Rome?,Publié le 14 déc. 2018 à 1:01,Sylvain Ouchikh
284,Tech et chic,Publié le 14 déc. 2018 à 1:01,Cédric Fréour
285,Cinq pistes pour skier malin,Publié le 14 déc. 2018 à 1:01,Eric DELON
286,Délices d'initiés,Publié le 14 déc. 2018 à 1:01,Jean-Denis Errard
287,"L'exercice physique, rien que du bonheur",Publié le 14 déc. 2018 à 1:01,Claude Vincent
288,Nature: Ducasse se décarcasse,Publié le 14 déc. 2018 à 1:01,Claude Vincent
289,Vitamine D: trop méconnue,Publié le 14 déc. 2018 à 1:01,Claude Vincent
290,Docteur No,Publié le 14 déc. 2018 à 1:01,Claude Vincent
291,Mauvais clou,Publié le 14 déc. 2018 à 1:01,Marc Dugain
292,"Les cadres, grands perdants de la justice négociée",Mis à jour le 6 août 2019 à 0:00,Valérie de Senneville
293,"Le climat attendra, encore",Mis à jour le 6 août 2019 à 0:00,Laura Berny
294,Un équilibriste à la BCE,Mis à jour le 6 août 2019 à 0:00,Guillaume Maujean
295,Du bon usage de la fiscalité,Mis à jour le 6 août 2019 à 0:00,
296,La mer sous différentes facettes,Mis à jour le 6 août 2019 à 0:00,Marianne BLIMAN
297,Notre « Media culpa »,Mis à jour le 6 août 2019 à 0:00,Laurent Guimier
298,Cybermanipulations saison 2,Mis à jour le 6 août 2019 à 0:00,Matthieu Courtecuisse
299,Plongée dans les conflits du cyberespace,Mis à jour le 6 août 2019 à 0:00,Yves Bourdillon
300,Manuel de survie pour l'IA en entreprise,Mis à jour le 6 août 2019 à 0:00,Remy Demichelis
301,Ces douze hommes qui ont décroché la Lune,Mis à jour le 6 août 2019 à 0:00,Yann Verdo
302,Le ruissellement imaginaire,Mis à jour le 6 août 2019 à 0:00,Remy Demichelis
303,"Romain Bocognani, « Francese » parmi les constructeurs romains",Mis à jour le 6 août 2019 à 0:00,Olivier Tosseri
304,Bruce Springsteen,Mis à jour le 6 août 2019 à 0:00,Henri Gibier
305,vin : le temps de la relève,Mis à jour le 6 août 2019 à 0:00,Jean-Francis Pécresse
306,"Anne Le Naour, la « cheffe d'orchestre »",Mis à jour le 6 août 2019 à 0:00,Frank Niedercorn
307,"Jacky Lorenzetti, passeur de passion",Mis à jour le 6 août 2019 à 0:00,
308,"« Cathiard & cie », la firme du bonheur",Mis à jour le 6 août 2019 à 0:00,
309,Le sang des Ostertag,Mis à jour le 6 août 2019 à 0:00,
310,Deux générations d'Angélus main dans la main,Mis à jour le 6 août 2019 à 0:00,
311,Gérard le Généreux,Mis à jour le 6 août 2019 à 0:00,
312,"Bernard Magrez, l'homme debout",Mis à jour le 6 août 2019 à 0:00,
313,Conseillers viticoles : les trois figures de la nouvelle génération,Mis à jour le 6 août 2019 à 0:00,
314,Pourquoi les archives du djihadisme doivent rester accessibles,Publié le 13 déc. 2018 à 1:01,Benoît Georges
315,Un guide pour faire grandir les PME,Publié le 13 déc. 2018 à 1:01,Remy Demichelis
316,Les deux Corées démantèlent leurs postes-frontières,Publié le 13 déc. 2018 à 1:01,Michel De Grandi
317,Finalcad remonte son ambition d'un cran,Publié le 13 déc. 2018 à 1:01,Guillaume Bregeras
318,Glose ambitionne de ramener les élèves à la lecture,Publié le 13 déc. 2018 à 1:01,Guillaume Bregeras
319,New Faces veut faire décoller les talents créatifs des banlieues,Publié le 13 déc. 2018 à 1:01,Déborah Loye
320,La Bourse de Paris poursuit son rebond,Publié le 13 déc. 2018 à 1:01,
321,"START-UP, TROIS CONCOURS AUXQUELS CANDIDATER",Publié le 13 déc. 2018 à 1:01,
322,L'Afnic encourage les TPE-PME à combler leur retard numérique,Publié le 13 déc. 2018 à 1:01,Yves Vilaginés
323,"La Première ministre, la ténacité incarnée",Mis à jour le 6 août 2019 à 0:00,Alexandre Counis
324,La crédibilité de Macron entamée auprès de ses partenaires,Mis à jour le 6 août 2019 à 0:00,Catherine Chatignoux
325,Bienvenue dans le capitalisme 4.0,Mis à jour le 6 août 2019 à 0:00,Guillaume Maujean
326,"Usine à gaz, le retour",Mis à jour le 6 août 2019 à 0:00,Étienne Lefebvre
327,Cette crise du pouvoir d'achat qui couvait depuis dix ans,Mis à jour le 6 août 2019 à 0:00,Guillaume de Calignon
328,Le projet des Républicains n'est pas socialiste,Mis à jour le 6 août 2019 à 0:00,
329,Plongée photographique dans les voyages d'antan,Mis à jour le 6 août 2019 à 0:00,Marianne BLIMAN
330,"Oui, la zone euro est capable de se réformer",Mis à jour le 6 août 2019 à 0:00,Mario Centeno
331,Comment la crise amplifie le populisme,Mis à jour le 6 août 2019 à 0:00,Hélène Rey
332,"Berry, le plaideur",Mis à jour le 6 août 2019 à 0:00,Valérie de Senneville
333,"Joffrin, imbattable sur l'Armada",Mis à jour le 6 août 2019 à 0:00,Thierry Gandillot
334,Le modèle inédit de Maison Kitsuné,Mis à jour le 6 août 2019 à 0:00,Dominique Chapuis
335,Jean-Paul Delevoye. L'évangéliste de la retraite universelle,Mis à jour le 6 août 2019 à 0:00,Solveig Godeluck
336,"La France, le pays qui résiste aux activistes",Mis à jour le 6 août 2019 à 0:00,Isabelle Couet
337,"Apex Energies lève 13,5 millions pour son parc photovoltaïque",Mis à jour le 6 août 2019 à 0:00,Hubert Vialatte
338,AgriLab modélise la germination des pommes de terre,Mis à jour le 6 août 2019 à 0:00,Guillaume Roussange
339,La fin d'un programme qui a bouleversé les marchés financiers européens,Mis à jour le 6 août 2019 à 0:00,Guillaume Benoit
340,"Louis Guyot, directeur financier de l'année",Mis à jour le 6 août 2019 à 0:00,Vincent Bouquet
341,Un « Guide de Davos » pour Jair Bolsonaro,Publié le 12 déc. 2018 à 1:01,Thierry Ogier
342,Willa s'engage pour la place des femmes dans la deeptech,Publié le 12 déc. 2018 à 1:01,Déborah Loye
343,Inspiring Fifty : 50 femmes pour donner l'exemple,Publié le 12 déc. 2018 à 1:01,Guillaume Bregeras
344,Maurice Lévy lance Ycor avec 30 millions d'euros,Publié le 12 déc. 2018 à 1:01,Guillaume Bregeras
345,La Bourse de Paris s'offre un rebond à plus de 4.800 points,Publié le 12 déc. 2018 à 1:01,Pierrick Fay
346,"Montants élevés, immatériel : le leasing gagne du terrain",Publié le 12 déc. 2018 à 1:01,
347,"Chez Aviva, le flex office pour « briser les silos »",Publié le 12 déc. 2018 à 1:01,Alexia Eychenne
348,FRÉDÉRIC MARTIN Directeur marché santé à Factum Group,Publié le 12 déc. 2018 à 1:01,
349,Le Fonds parisien d'art contemporain sort de sa réserve,Publié le 12 déc. 2018 à 1:01,Martine Robert
350,Théâtre des Amandiers : Nanterre a choisi son projet,Publié le 12 déc. 2018 à 1:01,Laurence Albert
351,Le squelette de la tour Pleyel en attente de rénovation,Publié le 12 déc. 2018 à 1:01,Marion Kindermans
352,ZAC Marne-Europe : la pollution des terres plus importante que prévu,Publié le 12 déc. 2018 à 1:01,Marion Kindermans
353,Maisons-Laffitte déplore la fermeture de son hippodrome,Publié le 12 déc. 2018 à 1:01,
354,Le Download festival reviendra sur la base aérienne 217 en 2020,Publié le 12 déc. 2018 à 1:01,Caroline d'Avout
355,Montigny-lès-Cormeilles va métamorphoser la Patte-d'Oie,Publié le 12 déc. 2018 à 1:01,Florence Renard-Gourdon
356,Le centre commercial de la Porte des Alpes doit se réinventer,Publié le 12 déc. 2018 à 1:01,Vincent Charbonnier
357,L'orchestre national de Lyon change de visage,Publié le 12 déc. 2018 à 1:01,Lamia Barbot
358,"A Villeurbanne, le Terrain des Soeurs se transforme",Publié le 12 déc. 2018 à 1:01,Lea Delpont
359,Une nouvelle défaite pour Philippe Martinez,Mis à jour le 6 août 2019 à 0:00,Leïla de Comarmond
360,"Le Mouvement 5 étoiles, précurseur des « gilets jaunes »",Mis à jour le 6 août 2019 à 0:00,Pierre de Gasquet
361,Savoir arrêter,Mis à jour le 6 août 2019 à 0:00,Nicolas Barré
362,Bascule syndicale,Mis à jour le 6 août 2019 à 0:00,Étienne Lefebvre
363,Des entreprises plus fortes que les Etats,Mis à jour le 6 août 2019 à 0:00,
364,A la recherche du vin perdu,Mis à jour le 6 août 2019 à 0:00,Frank Niedercorn
365,Les « gilets jaunes » ou comment remédier au vide organisationnel,Mis à jour le 6 août 2019 à 0:00,Heloise Berkowitz
366,Bien comprendre la France pour mieux la réformer,Mis à jour le 6 août 2019 à 0:00,Michel Sauzay
367,Dans les secrets d'« Une affaire de famille »,Mis à jour le 6 août 2019 à 0:00,Thierry Gandillot
368,Tu n'as rien vu à Utoya,Mis à jour le 6 août 2019 à 0:00,Adrien Gombeaud
369,Nous les coyotes,Mis à jour le 6 août 2019 à 0:00,Olivier De Bruyn
370,L'ascension et la chute du docteur Faust de Wall Street,Mis à jour le 6 août 2019 à 0:00,Nessim Aït-Kacimi
371,"François Houllier, de la terre à la mer",Mis à jour le 6 août 2019 à 0:00,Stanislas du Guerny
372,Hirokazu Kore-eda,Mis à jour le 6 août 2019 à 0:00,Sabine Delanglade
373,"Entreprises, start-up, écoles : le défi de la diversité",Publié le 11 déc. 2018 à 1:01,
374,Les syndicats prennent acte du changement de méthode,Publié le 11 déc. 2018 à 1:01,Leïla de Comarmond
375,"A Oslo, la remise des prix Nobel de la paix",Publié le 11 déc. 2018 à 1:01,Michel De Grandi
376,La machine à noter les start-up Early Metrics change de braquet,Publié le 11 déc. 2018 à 1:01,Guillaume Bregeras
377,Hardware Club accélère avec un fonds à 50 millions de dollars,Publié le 11 déc. 2018 à 1:01,Déborah Loye
378,Trois investissements internationaux à suivre du Hardware Club,Publié le 11 déc. 2018 à 1:01,Déborah Loye
379,Le « bear market » s'étend dans le monde,Publié le 11 déc. 2018 à 1:01,Pierrick Fay
380,La Bourse de Paris minée par le Brexit,Publié le 11 déc. 2018 à 1:01,Sophie Rolland
381,Société Générale ouvre à Paris une offre de compensation,Publié le 11 déc. 2018 à 1:01,Guillaume Benoit
382,Une paix amère,Mis à jour le 6 août 2019 à 0:00,Jean-Francis Pécresse
383,Qu'est-ce qui pourrait sauver la Bourse ?,Mis à jour le 6 août 2019 à 0:00,Guillaume Maujean
384,La bataille Pékin-Washington va bien au-delà du commerce,Mis à jour le 6 août 2019 à 0:00,Michel De Grandi
385,Réinventer notre Etat providence,Mis à jour le 6 août 2019 à 0:00,
386,Le kaléidoscope de la France,Mis à jour le 6 août 2019 à 0:00,Clotilde Briard
387,"Réveiller l'Europe, c'est maintenant !",Mis à jour le 6 août 2019 à 0:00,Olivier Klein
388,Décarboner l'économie n'a rien d'une utopie,Mis à jour le 6 août 2019 à 0:00,Hans Joachim Schellnhuber
389,"Belles BD, beau Noël",Mis à jour le 6 août 2019 à 0:00,David Barroux
390,L'édition du génome doit-elle tout miser sur CRISPR ?,Mis à jour le 6 août 2019 à 0:00,Catherine Ducruet
391,Le casse-tête des coopérations industrielles,Mis à jour le 6 août 2019 à 0:00,Anne Bauer
392,GenOway décroche une licence mondiale de Merck KGaA,Mis à jour le 6 août 2019 à 0:00,Lea Delpont
393,ADP finance Innov'ATM qui optimise le trafic des avions et drones,Mis à jour le 6 août 2019 à 0:00,Laurent Marcaillou
394,"Christian de Portzamparc, sculpteur de villes",Mis à jour le 6 août 2019 à 0:00,Catherine Sabbah
395,Laurent Berger,Mis à jour le 6 août 2019 à 0:00,Sabine Delanglade
396,La recherche en France va mal !,Publié le 10 déc. 2018 à 1:01,
397,"Speculoos, le nouveau traqueur d'exoplanètes européen",Publié le 10 déc. 2018 à 1:01,Yann Verdo
398,Nouvelle chute des dons recueillis par le Téléthon,Publié le 10 déc. 2018 à 1:01,Matthieu Quiret
399,"Au salon Slush de Helsinki, les start-up invitées à faire plus de place aux femmes",Publié le 10 déc. 2018 à 1:01,Déborah Loye
400,Deux stars nordiques de la « Tech for Good »,Publié le 10 déc. 2018 à 1:01,Déborah Loye
401,Les benjamins de la délégation française ont su tirer parti de Slush,Publié le 10 déc. 2018 à 1:01,Déborah Loye
402,"Le numéro un européen du tissu élastique, Cheynet & Fils cherche repreneur",Publié le 10 déc. 2018 à 1:01,Denis Meynard
403,La Bourse de Paris se redresse timidement vendredi,Publié le 10 déc. 2018 à 1:01,Hélène Dupuy
404,L'ADN du leadership est en train de changer,Publié le 10 déc. 2018 à 1:01,
405,Une étoffe de futurs grands leaders,Publié le 10 déc. 2018 à 1:01,Muriel Jasor
406,"Laura Georges, l'enthousiasme d'abord",Publié le 10 déc. 2018 à 1:01,
407,Charlotte Gautier « Les jeux de pouvoir font perdre un temps précieux »,Publié le 10 déc. 2018 à 1:01,Vincent Bouquet
408,La dauphine d'Angela Merkel fait un premier geste vers son aile droite,Mis à jour le 6 août 2019 à 0:00,Ninon Renaud
409,Comment ouvrir (vraiment) les conseils d'administration,Mis à jour le 6 août 2019 à 0:00,Jean-Marc Vittori
410,Responsabilité collective,Mis à jour le 6 août 2019 à 0:00,Étienne Lefebvre
411,Les vrais maîtres de l'or noir,Mis à jour le 6 août 2019 à 0:00,Guillaume Maujean
412,Des « gilets jaunes » si français,Mis à jour le 6 août 2019 à 0:00,
413,"Les Noailles, mécènes absolus",Mis à jour le 6 août 2019 à 0:00,Martine Robert
414,Reconstruire le pacte démocratique,Mis à jour le 6 août 2019 à 0:00,tribune collective
415,« Gilets jaunes » et prix des transports,Mis à jour le 6 août 2019 à 0:00,Emile Quinet
416,François Morel dans l'esprit de Devos,Mis à jour le 6 août 2019 à 0:00,Vincent Bouquet
417,"Lia Rodrigues, de bruit et de « Fúria »",Mis à jour le 6 août 2019 à 0:00,Philippe Noisette
418,PrediLife espère lever 8 millions pour ses tests prédictifs du cancer,Mis à jour le 6 août 2019 à 0:00,Chantal Houzelle
419,New Health Community va tester son robot d'assistance médicale,Mis à jour le 6 août 2019 à 0:00,Laurent Marcaillou
420,"Alexandre Falck, file au But",Mis à jour le 6 août 2019 à 0:00,Philippe Bertrand
421,"Mélanie Jourdain, l'exigence de la performance",Mis à jour le 6 août 2019 à 0:00,Valerie Landrieu
422,"Maud Bailly, le défi comme boussole",Mis à jour le 6 août 2019 à 0:00,
423,"Elsa Darquier, la sincérité avant tout",Mis à jour le 6 août 2019 à 0:00,Delphine Iweins
424,Riccardo Falconi ou l'appétence au risque,Mis à jour le 6 août 2019 à 0:00,Delphine Iweins
425,"Astrid Fockens, la passion du digital",Mis à jour le 6 août 2019 à 0:00,Valerie Landrieu
426,Carlos Ghosn,Mis à jour le 6 août 2019 à 0:00,Lucie Robequain
427,Martin Fourcade commence sa saison à fond !,Publié le 7 déc. 2018 à 1:01,
428,"La France, future « scale-up nation »",Publié le 7 déc. 2018 à 1:01,Guillaume Bregeras
429,Forte correction à la Bourse de Paris,Publié le 7 déc. 2018 à 1:01,
430,L'Italie réussit son opération d'échange de dette,Publié le 7 déc. 2018 à 1:01,Guillaume Benoit
431,Comment optimiser le levier du crédit,Publié le 7 déc. 2018 à 1:01,
432,"SCPI, crédit, démembrement : tiercé gagnant",Publié le 7 déc. 2018 à 1:01,
433,Emprunter pour mieux transmettre son patrimoine immobilier,Publié le 7 déc. 2018 à 1:01,
434,Devenir business angel,Publié le 7 déc. 2018 à 1:01,
435,Le choix du réseau,Publié le 7 déc. 2018 à 1:01,
436,Forger une assurance-vie à sa mesure,Publié le 7 déc. 2018 à 1:01,Laurence Delain
437,Trois pistes pour doper son revenu,Publié le 7 déc. 2018 à 1:01,Laurence Delain
438,"Les vignes, un placement exigeant à fort potentiel",Publié le 7 déc. 2018 à 1:01,Laurence Boccara
439,Le refuge de la forêt,Publié le 7 déc. 2018 à 1:01,Laurence Boccara
440,Les précautions à prendre pour se lancer sur le marché de l'art,Publié le 7 déc. 2018 à 1:01,Laurence Boccara
441,Les atouts et les pièges du club deal immobilier,Publié le 7 déc. 2018 à 1:01,
442,Quels avantages fiscaux ?,Publié le 7 déc. 2018 à 1:01,Laurence Boccara
443,Ces trois start-up recherchent des associés,Publié le 7 déc. 2018 à 1:01,
444,Comment évaluer le capital immatériel de son entreprise,Publié le 7 déc. 2018 à 1:01,
445,Habillage,Publié le 7 déc. 2018 à 1:01,Henri Gibier
446,L'agenda en France,Publié le 7 déc. 2018 à 1:01,
447,Salle d'attente,Publié le 7 déc. 2018 à 1:01,Philippe Besson
448,L'agenda à Paris,Publié le 7 déc. 2018 à 1:01,Alice d'Orgeval
449,L'agenda ailleurs,Publié le 7 déc. 2018 à 1:01,Alice d'Orgeval
450,La playlist de l'actu,Publié le 7 déc. 2018 à 1:01,
451,Rolando Villazón,Mis à jour le 6 août 2019 à 0:00,Florence Bauchard
452,NORVEGE - Le faux ami de la planète,Publié le 7 déc. 2018 à 1:01,Lucie Robequain
453,Mas Subramanian - Le génial chasseur de couleurs de l'Oregon,Mis à jour le 6 août 2019 à 0:00,Anaïs Moutot
454,6 chefs-d'oeuvre qu'on se dispute,Publié le 7 déc. 2018 à 1:01,Karl De Meyer
455,God save the privatisations,Mis à jour le 6 août 2019 à 0:00,Alexandre Counis
456,Ego-trips,Publié le 7 déc. 2018 à 1:01,Gilles Denis
457,Une rétrospective Bruegel unique à Vienne,Mis à jour le 6 août 2019 à 0:00,Judith Benhamou
458,"Trottola, cirque d'émotions",Mis à jour le 6 août 2019 à 0:00,Marianne BLIMAN
459,Un grand frisson nommé Janis,Mis à jour le 6 août 2019 à 0:00,Christian Eudeline
460,Salles obscures,Publié le 7 déc. 2018 à 1:01,Thierry Gandillot
461,"Jakub Josef Orlinski, voix sacrée",Mis à jour le 6 août 2019 à 0:00,Gilles Denis
462,"Saint-Ex, De Gaulle et Françoise",Mis à jour le 6 août 2019 à 0:00,Pierre de Gasquet
463,Secrets de confréries,Publié le 7 déc. 2018 à 1:01,Anne-Charlotte De Langhe
464,Bulles de culture,Publié le 7 déc. 2018 à 1:01,Olivier De Bruyn
465,Vins de fêtes,Publié le 7 déc. 2018 à 1:01,Sylvain Ouchikh
466,L'esprit du temps,Publié le 7 déc. 2018 à 1:01,Gilles Denis
467,Cool check,Publié le 7 déc. 2018 à 1:01,Astrid Faguer
468,Curating : mot actuellement très tendance dans l'univers de la mode,Publié le 7 déc. 2018 à 1:01,Olivier Gabet
469,En mode connecté,Publié le 7 déc. 2018 à 1:01,Frank DECLERCK
470,Qui est parti sans son stick ?,Publié le 7 déc. 2018 à 1:01,Johanne Courbatère de Gaudric
471,La théorie de l'évolution,Publié le 7 déc. 2018 à 1:01,
472,La HD au-delà du réel,Publié le 7 déc. 2018 à 1:01,Raphaël Sachetat
473,"Mr. T, de bruit et de saveurs",Mis à jour le 6 août 2019 à 0:00,Laurent Guez
474,La rédaction des «Échos» a testé,Mis à jour le 6 août 2019 à 0:00,
475,À bout de soufre,Publié le 7 déc. 2018 à 1:01,Jean-Francis Pécresse
476,Le grain de sel d'Éric Pras,Publié le 7 déc. 2018 à 1:01,Jerome Berger
477,"Le repaire À Londres, un monument sur Russell Square",Publié le 7 déc. 2018 à 1:01,Gilles Denis
478,Plaisir égoïste,Publié le 7 déc. 2018 à 1:01,Marc Schlicklin
479,Serial loueurs,Publié le 7 déc. 2018 à 1:01,Eugenie Deloire
480,Délices d'initiés,Publié le 7 déc. 2018 à 1:01,Jean-Denis Errard
481,Ski: aie conscience...,Publié le 7 déc. 2018 à 1:01,Claude Vincent
482,"Superfood: ça, c'est palace",Publié le 7 déc. 2018 à 1:01,Claude Vincent
483,Attentats: les proches aussi,Publié le 7 déc. 2018 à 1:01,Claude Vincent
484,Objets perdus 3.0,Publié le 7 déc. 2018 à 1:01,Claude Vincent
485,L'autre révolution numérique,Publié le 7 déc. 2018 à 1:01,Marc Dugain
486,"Friedrich Merz, candidat de la rupture",Mis à jour le 6 août 2019 à 0:00,
487,"Annegret Kramp-Karrenbauer, l'héritière",Mis à jour le 6 août 2019 à 0:00,
488,"Jens Spahn, le challenger junior",Mis à jour le 6 août 2019 à 0:00,
489,Merkel en liberté conditionnelle,Mis à jour le 6 août 2019 à 0:00,Ninon Renaud
490,Ne pas s'avouer vaincu,Mis à jour le 6 août 2019 à 0:00,David Barroux
491,La lourde facture des « gilets jaunes »,Mis à jour le 6 août 2019 à 0:00,Étienne Lefebvre
492,Régulation des cryptomonnaies : comment la France s'organise,Mis à jour le 6 août 2019 à 0:00,Laurence Boisseau
493,"Les transports autonomes, une réponse à la crise des territoires",Mis à jour le 6 août 2019 à 0:00,
494,Troubles dans la vérité,Mis à jour le 6 août 2019 à 0:00,Julien Damon
495,Travailleur des plates-formes : inventer un nouveau modèle,Mis à jour le 6 août 2019 à 0:00,Yann-Mael Larher
496,Il faut faire évoluer la gouvernance des coopératives françaises,Mis à jour le 6 août 2019 à 0:00,Bertrand Magnien
497,Comment les centres commerciaux ont vidé les centres-villes,Mis à jour le 6 août 2019 à 0:00,Kévin Badeau
498,Les dix vérités économiques qu'il nous faut entendre,Mis à jour le 6 août 2019 à 0:00,Daniel Fortin
499,Nouveaux pauvres et nouveaux riches,Mis à jour le 6 août 2019 à 0:00,Daniel Fortin
500,L'introuvable dialogue social,Mis à jour le 6 août 2019 à 0:00,Daniel Fortin
501,Le discounter DIA est au bord du gouffre,Mis à jour le 6 août 2019 à 0:00,Cécile Thibaud
502,"En cinq ans, les licornes sont devenues un troupeau à 1.000 milliards de dollars",Mis à jour le 6 août 2019 à 0:00,Nicolas Richaud
503,Comment l'expression s'est popularisée dans le monde des start-up,Mis à jour le 6 août 2019 à 0:00,Nicolas Richaud
504,Thierry Loy mène les Milanais à la baguette,Mis à jour le 6 août 2019 à 0:00,Olivier Tosseri
505,Friedrich Merz,Mis à jour le 6 août 2019 à 0:00,Henri Gibier
506,Le goût du luxe,Mis à jour le 6 août 2019 à 0:00,Marie-Christine Sonkin
507,Du don à la philanthropie : le mode d'emploi pour des actions efficaces,Publié le 7 déc. 2018 à 0:39,Laurence Boccara
508,La Reine Elizabeth au centre caritatif Coram,Publié le 6 déc. 2018 à 1:01,Catherine Chatignoux
509,Bpifrance veut acculturer les fonds français à la Silicon Valley,Publié le 6 déc. 2018 à 1:01,Anaïs Moutot
510,L'accélérateur de start-up Ekito en liquidation,Publié le 6 déc. 2018 à 1:01,Laurent Marcaillou
511,L'assurtech Element veut se déployer hors d'Allemagne,Publié le 6 déc. 2018 à 1:01,Laurent Thévenin
512,La France renforce son contrôle des acquisitions étrangères,Publié le 6 déc. 2018 à 1:01,Anne Drif
513,La Bourse de Paris plonge sous les 5.000 points,Publié le 6 déc. 2018 à 1:01,Laurence Boisseau
514,Sophie Cluzel Secrétaire d'Etat chargée des Personnes handicapées,Publié le 6 déc. 2018 à 1:01,Olivier Harmant
515,« ADOPTER UNE STRUCTURE SOUPLE POUR SE LANCER »,Publié le 6 déc. 2018 à 1:01,Célia Pénavaire
516,5 pièges à éviter lors d'une négociation commerciale,Publié le 6 déc. 2018 à 1:01,Ariane Gaudefroy
517,Les défis du modèle bancaire français,Mis à jour le 6 août 2019 à 0:00,Thibaut Madelin
518,Le mauvais débat sur l'ISF,Mis à jour le 6 août 2019 à 0:00,Jean-Francis Pécresse
519,Les marchés à un tournant,Mis à jour le 6 août 2019 à 0:00,Guillaume Maujean
520,Les promesses de l'IA pour les pays en développement,Mis à jour le 6 août 2019 à 0:00,Remy Demichelis
521,Robert Badinter dans l'intimité de son enfance,Mis à jour le 6 août 2019 à 0:00,Marianne BLIMAN
522,L'addiction aux niches fiscales explique aussi la crise du logement,Mis à jour le 6 août 2019 à 0:00,Hervé Legros
523,Pour mettre fin à la jacquerie fiscale,Mis à jour le 6 août 2019 à 0:00,Frederic Cherbonnier
524,Cérémonie new age au Festival d'automne,Mis à jour le 6 août 2019 à 0:00,Philippe Venturini
525,L'Ouest au féminin,Mis à jour le 6 août 2019 à 0:00,Philippe Chevilley
526,Le nouveau siècle des lumières,Mis à jour le 6 août 2019 à 0:00,Laurent Flallo
527,"Ilya Polyakov, banquier de Paris à Moscou",Mis à jour le 6 août 2019 à 0:00,Benjamin Quenelle
528,Didier Guillaume,Mis à jour le 6 août 2019 à 0:00,Sabine Delanglade
529,Les voitures diesel très polluantes rouleront six mois de plus,Publié le 5 déc. 2018 à 1:01,Julien Dupont-Calbo
530,Derniers hommages à George H. W. Bush,Publié le 5 déc. 2018 à 1:01,Virginie Robert
531,La French Tech se dote d'outils pour féminiser ses start-up,Publié le 5 déc. 2018 à 1:01,Guillaume Bregeras
532,"Entomo Farm, le pionnier de la production d'insectes, au tapis",Publié le 5 déc. 2018 à 1:01,Frank Niedercorn
533,La Bourse de Paris rattrapée par les doutes,Publié le 5 déc. 2018 à 1:01,Laurence Boisseau
534,"En Ile-de-France, les plans de prévention des risques bouclés",Publié le 5 déc. 2018 à 1:01,Laurence Albert
535,Meudon : le Hangar Y mue en musée du dirigeable,Publié le 5 déc. 2018 à 1:01,Marion Kindermans
536,Un « plan bassin » en Seine-Saint-Denis,Publié le 5 déc. 2018 à 1:01,Florence Renard-Gourdon
537,Paris veut laisser 1.200 voitures à la porte,Publié le 5 déc. 2018 à 1:01,Laurence Albert
538,Parc Princesse : la guerre des communes est déclarée,Publié le 5 déc. 2018 à 1:01,
539,Nouveaux recours contre la refonte du RER D,Publié le 5 déc. 2018 à 1:01,
540,Vauréal mise sur les résidences plurigénérationnelles,Publié le 5 déc. 2018 à 1:01,Florence Renard-Gourdon
541,Villeurbanne lance une consultation publique sur le cannabis,Publié le 5 déc. 2018 à 1:01,Lea Delpont
542,L'école des Plombiers du Numérique ouvre à Lyon,Publié le 5 déc. 2018 à 1:01,Lea Delpont
543,Les artisans du Rhône apportent leur pierre à Confluence,Publié le 5 déc. 2018 à 1:01,Vincent Charbonnier
544,Les espaces de travail en pleine mutation,Publié le 5 déc. 2018 à 1:01,Catherine Sabbah
545,Le premier recul d'Emmanuel Macron,Mis à jour le 6 août 2019 à 0:00,Grégoire Poussielgue
546,Lâcher du lest pour sauver l'essentiel,Mis à jour le 6 août 2019 à 0:00,Dominique Seux
547,Le pari de Free,Mis à jour le 6 août 2019 à 0:00,David Barroux
548,Logement : à la recherche d'une politique efficace,Mis à jour le 6 août 2019 à 0:00,Catherine Sabbah
549,Menaces sur le cloud,Mis à jour le 6 août 2019 à 0:00,
550,L'hôpital vu depuis la coulisse,Mis à jour le 6 août 2019 à 0:00,Solveig Godeluck
551,Réconcilier l'énergie et le climat,Mis à jour le 6 août 2019 à 0:00,Laurence Daziano
552,Fausse bonne nouvelle à Buenos Aires,Mis à jour le 6 août 2019 à 0:00,Lionel Fontagne
553,« Leto » : Rock Back in the U.S.S.R.,Mis à jour le 6 août 2019 à 0:00,Thierry Gandillot
554,« Les Confins du monde » : la fin du Tonkin,Mis à jour le 6 août 2019 à 0:00,Adrien Gombeaud
555,Marche ou crève,Mis à jour le 6 août 2019 à 0:00,Olivier De Bruyn
556,Le jeu de poker menteur sur la consolidation dans les télécoms,Mis à jour le 6 août 2019 à 0:00,Fabienne Schmitt
557,Assystem introduit le bambou dans les composites des avions,Mis à jour le 6 août 2019 à 0:00,Laurent Marcaillou
558,"My Keeper crée Secur Ecole, la balise qui protège les élèves",Mis à jour le 6 août 2019 à 0:00,Paul Molga
559,"Le Crédit Mutuel dit adieu à Michel Lucas, son « grand architecte »",Mis à jour le 6 août 2019 à 0:00,Édouard Lederer
560,Candy Réjasse prend les clefs de La Limousine de Constructions,Mis à jour le 6 août 2019 à 0:00,
561,Xavier Niel,Mis à jour le 6 août 2019 à 0:00,Sabine Delanglade
562,Plus de cent lycées bloqués,Publié le 4 déc. 2018 à 1:01,Marie-Christine Corbier
563,La fusée Soyouz s'envole vers l'ISS,Publié le 4 déc. 2018 à 1:01,Yves Bourdillon
564,L'Europe en chemin vers une « European Tech »,Publié le 4 déc. 2018 à 1:01,Déborah Loye
565,Agricool attaque l'industrialisation de son déploiement,Publié le 4 déc. 2018 à 1:01,Guillaume Bregeras
566,Lancer sa start-up reste réservé à une élite,Publié le 4 déc. 2018 à 1:01,Déborah Loye
567,La Bourse de Paris débute décembre en nette hausse,Publié le 4 déc. 2018 à 1:01,Guillaume Benoit
568,RACHETER ET S'ALLIER POUR S'IMPOSER SUR UN MARCHE,Publié le 4 déc. 2018 à 1:01,Célia Pénavaire
569,Comment apprendre à pitcher devant des Américains,Publié le 4 déc. 2018 à 1:01,Laetitia Lienhard
570,Pétrole : pourquoi l'Opep compte toujours,Mis à jour le 6 août 2019 à 0:00,Vincent Collen
571,Pouvoir d'achat : le grand malentendu,Mis à jour le 6 août 2019 à 0:00,Étienne Lefebvre
572,Vent de face,Mis à jour le 6 août 2019 à 0:00,David Barroux
573,Abandon des péages urbains : l'Ile-de-France rit jaune,Mis à jour le 6 août 2019 à 0:00,
574,Une sécu pour les vieillards ?,Mis à jour le 6 août 2019 à 0:00,Julien Damon
575,Sortir la mobilité de l'impasse écologique,Mis à jour le 6 août 2019 à 0:00,Thierry Mallet
576,Pour une révolution pédagogique à l'université,Mis à jour le 6 août 2019 à 0:00,Benedicte Durand
577,"« La Traviata », version originale",Mis à jour le 6 août 2019 à 0:00,Philippe Venturini
578,« Dernière journée sur Terre » : familles en pièces,Mis à jour le 6 août 2019 à 0:00,Philippe Chevilley
579,De nouveaux outils pour repousser les limites de l'intelligence artificielle,Mis à jour le 6 août 2019 à 0:00,Remy Demichelis
580,Brexit : les cinq adversaires de Theresa May,Mis à jour le 6 août 2019 à 0:00,Alexandre Counis
581,Les groupes américains face au défi des restructurations,Mis à jour le 6 août 2019 à 0:00,Nicolas Rauline
582,Agriconomie s'impose comme la plate-forme d'achats en ligne,Mis à jour le 6 août 2019 à 0:00,Guillaume Roussange
583,Epsor finance sa plate-forme d'épargne salariale dédiée aux PME,Mis à jour le 6 août 2019 à 0:00,Emmanuel Guimard
584,"La mort d'Albert Frère, grande figure du capitalisme européen",Mis à jour le 6 août 2019 à 0:00,Sylvie Ramadier
585,"Samuel Barnabas, au volant de Norauto France",Mis à jour le 6 août 2019 à 0:00,Nicole Buyse
586,Tamim ben Hamad Al Thani,Mis à jour le 6 août 2019 à 0:00,Sabine Delanglade
587,Les « gilets jaunes » peinent à trouver des représentants,Publié le 3 déc. 2018 à 1:01,Grégoire Poussielgue
588,Cancer : un nouvel anticorps plus efficace ?,Publié le 3 déc. 2018 à 1:01,Yann Verdo
589,Etats-Unis : deuil national pour George H. W. Bush,Publié le 3 déc. 2018 à 1:01,Elsa Freyssenet
590,Les aides existantes pour l'habitat ancien,Publié le 3 déc. 2018 à 1:01,Catherine Sabbah
591,Les Français plus attentifs aux engagements des marques,Publié le 3 déc. 2018 à 1:01,Valérie Leboucq
592,"Flaminem, l'autre option des services secrets",Publié le 3 déc. 2018 à 1:01,Florian Dèbes
593,5 start-up à suivre,Publié le 3 déc. 2018 à 1:01,
594,Fabrice Brégier : « Nous voulons développer un écosystème de start-up françaises autour de Palantir »,Publié le 3 déc. 2018 à 1:01,Anne Drif
595,Grève chez Natixis,Publié le 3 déc. 2018 à 1:01,Thibaut Madelin
596,La Bourse de Paris conserve de justesse les 5.000 points,Publié le 3 déc. 2018 à 1:01,Muryel Jacque
597,"L'ETI, modèle de management",Publié le 3 déc. 2018 à 1:01,
598,Cinq leviers pour devenir une ETI,Publié le 3 déc. 2018 à 1:01,Vincent Bouquet
599,"Frédéric Coirier « Pour ces sociétés, il n'y a pas de succès sans vision de long terme »",Publié le 3 déc. 2018 à 1:01,Vincent Bouquet
600,Les 5 idées à retenir de... « L'entreprise inspirante »,Publié le 3 déc. 2018 à 1:01,
601,Une entreprise qui contribue au bien commun,Publié le 3 déc. 2018 à 1:01,
602,Comment Maisons du Monde structure son pilotage « durable »,Publié le 3 déc. 2018 à 1:01,Valerie Landrieu
603,LUXEMBOURG Les promesses de la finance contre le réchauffement,Publié le 3 déc. 2018 à 1:01,
604,RECYCLAGE Morphosis explore les veines du gisement des déchets électroniques,Publié le 3 déc. 2018 à 1:01,Joël Cossardeaux
605,ESPAGNE L'électrique pour favoriser l'écomobilité,Publié le 3 déc. 2018 à 1:01,
606,ELEVAGE Des vaches qui produisent plus de lait et moins de gaz,Publié le 3 déc. 2018 à 1:01,
607,INDE Des forêts urbaines pour combattre la pollution en Inde,Publié le 3 déc. 2018 à 1:01,
608,"Renault-Nissan, le grand malentendu",Mis à jour le 6 août 2019 à 0:00,Anne Feitz
609,Condamner la violence sans ambiguïté,Mis à jour le 6 août 2019 à 0:00,Jean-Francis Pécresse
610,La Chinamerica et le reste du monde,Mis à jour le 6 août 2019 à 0:00,Jacques Hubert-Rodier
611,"En 2019, les choses vont se compliquer pour la Fed",Mis à jour le 6 août 2019 à 0:00,
612,Cinq clefs pour comprendre les Etats-Unis,Mis à jour le 6 août 2019 à 0:00,Laura Berny
613,Imposons la mixité dans l'économie numérique,Mis à jour le 6 août 2019 à 0:00,
614,Raison d'être : et si l'Etat se posait la question lui aussi ?,Mis à jour le 6 août 2019 à 0:00,Jean De Belot
615,« Cendrillon » sous les sunlights,Mis à jour le 6 août 2019 à 0:00,Philippe Noisette
616,Chanter la vie,Mis à jour le 6 août 2019 à 0:00,Philippe Chevilley
617,Woleet lève 1 million d'euros pour déployer son empreinte numérique,Mis à jour le 6 août 2019 à 0:00,Stanislas du Guerny
618,UniVR Studio utilise la réalité virtuelle pour des formations critiques,Mis à jour le 6 août 2019 à 0:00,Lea Delpont
619,"Annie Feolde, star de la cuisine italienne",Mis à jour le 6 août 2019 à 0:00,Olivier Tosseri
620,Un monde trop inconnu,Mis à jour le 6 août 2019 à 0:00,Muriel Jasor
621,Ségolène Royal,Mis à jour le 6 août 2019 à 0:00,Sabine Delanglade
622,COP24 Les entreprises sur le pont,Mis à jour le 6 août 2019 à 0:00,Joël Cossardeaux
623,Paul Polman : « C'est à nous de relever le défi du changement climatique »,Mis à jour le 6 août 2019 à 0:00,
